quarter,vintage,best_alpha,n_selected,INDPRO_m1,INDPRO_m2,INDPRO_m3,PAYEMS_m1,PAYEMS_m2,PAYEMS_m3,RSAFS_m1,RSAFS_m2,RSAFS_m3,UNRATE_m1,UNRATE_m2,UNRATE_m3,ICSA_m1,ICSA_m2,ICSA_m3,HOUST_m1,HOUST_m2,HOUST_m3,DGORDER_m1,DGORDER_m2,DGORDER_m3,UMCSENT_m1,UMCSENT_m2,UMCSENT_m3,PCEPI_m1,PCEPI_m2,PCEPI_m3,T10Y2Y_m1,T10Y2Y_m2,T10Y2Y_m3,BAA10Y_m1,BAA10Y_m2,BAA10Y_m3,NASDAQCOM_m1,NASDAQCOM_m2,NASDAQCOM_m3,gdp_lag
2005Q1,1,0.21544346900318845,11,1,1,1,0,1,0,0,0,0,0,0,0,0,0,1,0,0,1,0,0,1,0,1,0,1,0,0,0,1,0,0,0,0,0,0,1,0
2005Q2,1,0.21544346900318845,10,1,1,1,0,1,0,0,0,0,0,0,0,0,0,1,0,0,0,1,0,1,0,1,0,1,0,0,0,0,0,0,0,0,0,0,1,0
2005Q3,1,0.21544346900318845,10,1,1,1,0,1,0,0,0,0,0,0,0,0,0,1,0,0,0,0,0,1,0,1,0,1,0,0,0,0,0,0,1,0,0,0,1,0
2005Q4,1,0.21544346900318845,9,1,1,0,0,1,0,0,0,0,0,0,0,0,0,1,0,0,0,0,0,1,0,1,0,1,0,0,0,0,0,0,1,0,0,0,1,0
2006Q1,1,0.21544346900318845,12,1,1,0,0,1,1,1,0,0,1,0,0,0,0,1,0,0,1,0,0,1,0,0,0,1,0,0,0,0,0,0,1,0,0,0,1,0
2006Q2,1,0.21544346900318845,10,1,1,0,0,1,1,0,0,0,1,0,0,0,0,1,1,0,0,0,0,1,0,0,0,0,0,0,0,0,0,0,1,0,0,0,1,0
2006Q3,1,0.21544346900318845,13,1,1,0,0,1,1,0,0,0,1,0,0,1,0,1,1,0,0,0,0,1,0,0,1,1,0,0,0,0,0,0,1,0,0,0,1,0
2006Q4,1,0.21544346900318845,14,1,1,0,0,1,1,0,0,0,1,0,0,1,0,1,1,0,0,0,0,1,1,0,0,1,0,1,0,0,0,0,1,0,0,0,1,0
2007Q1,1,0.0825404185268019,24,1,1,1,0,1,1,0,0,0,1,0,1,1,0,1,1,0,1,1,0,1,1,1,1,1,0,1,0,1,1,0,1,0,1,0,1,1
2007Q2,1,0.21544346900318845,13,1,1,0,0,1,1,0,0,0,1,0,0,1,0,1,1,0,0,0,0,0,1,0,0,1,0,1,0,0,0,0,1,0,0,0,1,0
2007Q3,1,0.21544346900318845,13,1,1,1,0,1,1,0,0,0,1,0,0,0,0,1,1,0,0,0,0,0,1,0,0,1,0,1,0,0,0,0,1,0,0,0,1,0
2007Q4,1,0.21544346900318845,12,1,1,1,0,1,1,0,0,0,1,0,0,0,0,1,1,0,0,0,0,0,0,0,0,1,0,1,0,0,0,0,1,0,0,0,1,0
2008Q1,1,0.21544346900318845,12,1,1,1,0,1,1,0,0,0,1,0,0,0,0,1,1,0,0,0,0,0,0,0,0,1,0,1,0,0,0,0,1,0,0,0,1,0
2008Q2,1,0.051089697745069294,29,1,1,1,1,1,1,0,1,1,1,0,1,1,0,1,1,0,1,1,1,1,1,1,1,1,1,1,0,0,1,0,1,1,1,0,1,1
2008Q3,1,0.0825404185268019,22,1,1,1,1,1,1,0,0,0,1,0,0,1,0,1,1,0,1,1,0,1,1,1,1,1,0,1,0,0,1,0,1,0,0,0,1,1
2008Q4,1,0.21544346900318845,13,1,1,1,0,1,1,0,0,0,1,0,0,0,0,1,1,0,0,0,0,0,0,0,1,1,0,1,0,0,0,0,1,0,0,0,1,0
2009Q1,1,0.051089697745069294,26,1,1,1,1,1,1,0,1,1,1,0,0,1,1,1,1,0,1,1,1,1,1,1,1,0,0,1,0,0,1,0,1,0,1,0,1,1
2009Q2,1,0.051089697745069294,26,1,1,1,1,1,1,0,1,1,1,0,0,1,1,1,1,0,1,1,1,1,1,1,1,0,0,1,0,0,1,0,1,0,1,0,1,1
2009Q3,1,0.0825404185268019,24,1,1,1,0,1,1,1,1,0,1,0,0,1,0,1,1,0,1,1,1,1,1,1,1,0,0,1,0,0,1,1,1,0,1,0,1,0
2009Q4,1,0.0825404185268019,23,1,1,1,0,1,1,1,0,0,1,0,0,1,0,1,1,0,1,1,0,1,1,1,1,0,0,1,1,0,1,1,1,0,1,0,1,0
2010Q1,1,0.0825404185268019,22,1,1,1,0,1,1,1,0,0,1,0,0,1,0,1,1,0,1,1,0,1,1,1,1,0,0,1,1,0,1,1,0,0,1,0,1,0
2010Q2,1,0.1333521432163324,19,1,0,1,0,1,1,1,0,0,1,0,0,0,0,1,1,0,1,1,0,1,0,1,0,0,1,1,1,0,1,1,1,0,0,0,1,0
2010Q3,1,0.0825404185268019,25,1,1,1,0,1,1,1,1,0,1,1,0,1,0,1,1,0,1,0,0,1,1,1,1,0,1,1,1,0,1,1,1,0,1,0,1,0
2010Q4,1,0.0825404185268019,26,1,1,1,0,1,1,1,1,0,1,1,0,1,0,1,1,0,1,1,0,1,1,1,1,0,1,1,1,0,1,1,1,0,1,0,1,0
2011Q1,1,0.0825404185268019,26,1,1,1,0,1,1,1,1,0,1,1,0,1,0,1,1,0,1,1,0,1,1,1,1,0,1,1,1,0,1,1,1,0,1,0,1,0
2011Q2,1,0.1333521432163324,17,1,1,1,0,1,1,0,0,0,1,0,0,1,0,1,0,1,1,0,0,0,0,0,0,0,1,1,1,0,1,1,1,0,0,0,1,0
2011Q3,1,0.0825404185268019,26,1,1,1,0,1,1,1,0,0,1,1,0,1,0,1,1,1,1,0,1,0,1,1,1,0,1,1,1,1,1,1,1,0,1,0,1,0
2011Q4,1,0.0825404185268019,24,1,1,1,0,1,1,1,0,0,1,1,0,1,0,1,1,1,1,0,1,1,1,1,1,0,1,0,1,0,1,0,1,0,1,0,1,0
2012Q1,1,0.1333521432163324,19,1,1,1,0,1,1,0,0,0,1,1,0,1,0,1,0,1,0,0,0,1,1,1,0,0,1,0,1,0,1,1,1,0,0,0,1,0
2012Q2,1,0.0825404185268019,24,1,1,1,0,1,1,1,0,0,1,1,0,1,0,1,1,1,1,0,1,1,1,1,1,0,1,0,1,0,1,0,1,0,1,0,1,0
2012Q3,1,0.051089697745069294,27,1,1,1,0,1,1,1,0,0,1,1,0,1,0,1,1,1,1,0,1,1,1,1,1,0,1,1,1,0,1,0,1,1,1,0,1,1
2012Q4,1,0.051089697745069294,27,1,1,1,0,1,1,1,1,0,1,1,1,1,0,1,1,1,0,0,1,1,1,1,1,0,1,1,1,0,1,0,1,1,1,0,1,0
2013Q1,1,0.051089697745069294,25,1,1,1,0,1,1,1,0,0,1,0,0,1,0,1,1,1,0,0,1,1,1,1,1,0,1,1,1,0,1,0,1,1,1,1,1,0
2013Q2,1,0.0825404185268019,24,1,1,1,0,1,1,1,0,0,1,1,0,1,0,1,1,1,0,0,1,1,1,1,0,0,1,1,1,0,1,0,1,0,1,1,1,0
2013Q3,1,0.0825404185268019,22,1,1,1,0,1,1,1,0,0,1,0,0,1,0,1,1,1,0,0,1,0,1,1,0,0,1,1,1,0,1,0,1,0,1,1,1,0
2013Q4,1,0.0825404185268019,22,1,1,1,0,1,1,1,0,0,1,0,0,1,0,1,1,1,0,0,1,0,1,1,0,0,1,1,1,0,1,0,1,0,1,1,1,0
2014Q1,1,0.0825404185268019,22,1,1,1,0,1,1,1,0,0,1,0,0,1,0,1,1,1,0,0,1,0,1,1,0,0,1,1,1,0,1,0,1,0,1,1,1,0
2014Q2,1,0.0825404185268019,21,1,1,1,0,1,0,1,0,0,1,0,0,1,0,1,1,1,0,0,1,0,1,1,0,0,1,1,1,0,1,0,1,0,1,1,1,0
2014Q3,1,0.0825404185268019,21,1,1,1,0,1,0,1,0,0,1,0,0,1,0,1,1,1,0,0,1,0,1,1,0,0,1,1,1,0,1,0,1,0,1,1,1,0
2014Q4,1,0.0825404185268019,21,1,1,1,0,1,1,1,0,0,1,0,0,1,0,1,1,1,0,0,0,0,1,1,0,0,1,1,1,0,1,0,1,0,1,1,1,0
2015Q1,1,0.0825404185268019,20,1,1,1,0,1,1,1,0,0,1,0,0,1,0,1,1,1,0,0,0,0,1,1,0,0,1,1,1,0,1,0,1,0,1,0,1,0
2015Q2,1,0.0825404185268019,21,1,1,1,0,1,0,1,0,0,1,1,0,1,0,1,1,1,0,1,0,0,1,1,0,0,1,1,1,0,1,0,1,0,1,0,1,0
2015Q3,1,0.0825404185268019,21,1,1,1,0,1,0,1,0,0,1,1,0,1,0,1,1,1,0,1,0,0,1,1,0,0,1,1,1,0,1,0,1,0,1,0,1,0
2015Q4,1,0.0825404185268019,21,1,1,1,0,1,0,1,0,0,1,1,0,1,0,1,1,1,0,1,0,0,1,1,0,0,1,1,1,0,1,0,1,0,1,0,1,0
2016Q1,1,0.0825404185268019,21,1,1,1,0,1,0,1,0,0,1,1,0,1,0,1,1,1,0,1,0,0,1,1,0,0,1,1,1,0,1,0,1,0,1,0,1,0
2016Q2,1,0.0825404185268019,20,1,1,1,0,1,0,1,0,0,1,1,0,1,0,1,1,1,0,0,0,0,1,1,0,0,1,1,1,0,1,0,1,0,1,0,1,0
2016Q3,1,0.0825404185268019,21,1,1,1,0,1,0,1,0,0,1,1,0,1,0,1,1,1,0,0,0,0,1,1,0,0,1,1,1,0,1,0,1,0,1,1,1,0
2016Q4,1,0.1333521432163324,16,1,1,1,0,1,0,1,0,0,1,0,0,0,0,1,1,0,0,1,0,0,1,0,0,0,1,1,1,0,1,0,1,0,0,0,1,0
2017Q1,1,0.21544346900318845,13,1,1,1,0,1,0,0,0,0,1,0,0,0,0,1,0,0,0,1,0,0,1,0,0,0,1,1,0,0,1,0,1,0,0,0,1,0
2017Q2,1,0.21544346900318845,13,1,1,1,0,1,0,0,0,0,1,0,0,0,0,1,0,0,0,1,0,0,1,0,0,0,1,1,0,0,1,0,1,0,0,0,1,0
2017Q3,1,0.21544346900318845,13,1,1,1,0,1,0,0,0,0,1,0,0,0,0,1,0,0,0,1,0,0,1,0,0,0,1,1,0,0,1,0,1,0,0,0,1,0
2017Q4,1,0.21544346900318845,13,1,1,1,0,1,0,0,0,0,1,0,0,0,0,1,0,0,0,1,0,0,1,0,0,0,1,1,0,0,1,0,1,0,0,0,1,0
2018Q1,1,0.03162277660168379,26,1,1,1,0,1,1,1,0,1,1,0,0,1,0,1,1,1,1,0,0,0,1,1,0,1,1,1,1,1,1,0,1,1,1,1,1,0
2018Q2,1,0.21544346900318845,13,1,1,1,0,1,0,0,0,0,1,0,0,0,0,1,0,0,0,1,0,0,1,0,0,0,1,1,0,0,1,0,1,0,0,0,1,0
2018Q3,1,0.051089697745069294,22,1,1,1,0,1,1,1,0,0,1,0,0,1,0,1,1,1,0,0,0,0,1,1,0,1,1,1,1,1,1,0,1,0,1,0,1,0
2018Q4,1,0.051089697745069294,21,1,1,1,0,1,1,1,0,0,1,0,0,0,0,1,1,1,0,0,0,0,1,1,0,1,1,1,1,1,1,0,1,0,1,0,1,0
2019Q1,1,0.051089697745069294,21,1,1,1,0,1,1,1,0,0,1,0,0,0,0,1,1,1,0,0,0,0,1,1,0,1,1,1,1,1,1,0,1,0,1,0,1,0
2019Q2,1,0.051089697745069294,24,1,1,1,0,1,1,1,0,1,1,1,0,1,0,1,1,1,0,0,0,0,1,1,0,1,1,1,1,1,1,0,1,0,1,0,1,0
2019Q3,1,0.051089697745069294,25,1,1,1,1,1,1,1,0,1,1,1,0,1,0,1,1,1,0,0,0,0,1,1,0,1,1,1,1,1,1,0,1,0,1,0,1,0
2019Q4,1,0.051089697745069294,25,1,1,1,1,1,1,1,0,1,1,1,0,1,0,1,1,1,0,0,0,0,1,1,0,1,1,1,1,1,1,0,1,0,1,0,1,0
2020Q1,1,0.0825404185268019,24,1,1,1,1,1,1,1,0,0,1,1,0,1,0,1,1,1,0,1,0,0,1,1,0,0,1,1,1,1,1,0,1,0,1,0,1,0
2020Q2,1,0.0825404185268019,22,1,1,1,0,1,1,1,0,0,1,1,0,1,0,1,1,1,0,0,0,0,1,1,0,0,1,1,1,1,1,0,1,0,1,0,1,0
2020Q3,1,0.007498942093324558,34,1,1,1,1,1,0,1,0,1,1,1,1,1,1,1,1,1,1,1,1,1,1,1,1,1,1,1,0,1,1,1,1,1,1,1,1,1
2020Q4,1,0.007498942093324558,33,1,1,1,1,1,0,1,1,1,1,1,1,1,1,1,1,1,0,1,1,1,1,1,1,1,1,1,0,1,1,1,1,1,1,0,1,1
2021Q1,1,0.007498942093324558,34,1,1,1,1,1,1,1,0,1,1,1,1,1,1,1,1,1,1,1,1,0,1,1,1,1,1,1,1,1,1,1,1,1,1,0,1,1
2021Q2,1,0.007498942093324558,34,1,1,1,1,1,1,1,0,1,1,1,1,1,1,1,1,1,1,1,1,0,1,1,1,1,1,1,1,1,1,1,1,1,1,0,1,1
2021Q3,1,0.007498942093324558,33,1,1,1,1,1,0,1,0,1,1,1,0,1,1,1,1,1,1,1,1,1,1,1,1,1,1,1,1,1,1,1,1,1,1,0,1,1
2021Q4,1,0.007498942093324558,33,1,1,1,1,1,1,1,0,1,1,1,0,1,1,1,1,1,1,1,1,0,1,1,1,1,1,1,1,1,1,1,1,1,1,0,1,1
2022Q1,1,0.004641588833612782,36,1,1,1,1,1,1,1,0,1,1,1,1,1,1,1,1,1,1,1,1,1,1,1,1,1,1,1,1,1,1,1,1,1,1,1,1,1
2022Q2,1,0.007498942093324558,35,1,1,1,1,1,1,1,1,1,1,1,0,1,1,1,1,1,1,1,1,1,1,1,1,1,1,1,1,1,1,1,1,1,1,0,1,1
2022Q3,1,0.007498942093324558,34,1,1,1,1,1,0,1,1,1,1,1,0,1,1,1,1,1,1,1,1,1,1,1,1,1,1,1,1,1,1,1,1,1,1,0,1,1
2022Q4,1,0.004641588833612782,36,1,1,1,1,1,1,1,1,1,1,1,0,1,1,1,1,1,1,1,1,1,1,1,1,1,1,1,1,1,1,1,1,1,1,1,1,1
2023Q1,1,0.004641588833612782,35,1,1,1,1,1,1,0,1,1,1,1,0,1,1,1,1,1,1,1,1,1,1,1,1,1,1,1,1,1,1,1,1,1,1,1,1,1
2023Q2,1,0.007498942093324558,32,1,1,1,1,1,1,0,0,1,1,1,0,1,1,1,1,1,0,0,1,1,1,1,1,1,1,1,1,1,1,1,1,1,1,1,1,1
2023Q3,1,0.0028729848333536655,36,1,1,1,1,1,1,1,1,1,1,1,1,1,1,1,1,1,1,0,1,1,1,1,1,1,1,1,1,1,1,1,1,1,1,1,1,1
2023Q4,1,0.007498942093324558,32,1,1,1,1,1,1,0,0,1,1,1,0,1,1,1,1,1,0,1,1,1,1,1,1,1,1,1,1,1,1,1,1,1,1,0,1,1
2024Q1,1,0.004641588833612782,37,1,1,1,1,1,1,1,1,1,1,1,1,1,1,1,1,1,1,1,1,1,1,1,1,1,1,1,1,1,1,1,1,1,1,1,1,1
2024Q2,1,0.007498942093324558,34,1,1,1,1,1,1,0,1,1,1,1,1,1,1,1,1,1,1,0,1,1,1,1,1,1,1,1,1,1,1,1,1,1,1,0,1,1
2024Q3,1,0.0028729848333536655,35,1,1,1,1,1,1,1,1,1,1,1,1,1,1,1,1,1,1,1,1,1,1,0,1,1,1,1,1,1,1,1,1,1,1,0,1,1
2024Q4,1,0.0001,37,1,1,1,1,1,1,1,1,1,1,1,1,1,1,1,1,1,1,1,1,1,1,1,1,1,1,1,1,1,1,1,1,1,1,1,1,1
2025Q1,1,0.0001,37,1,1,1,1,1,1,1,1,1,1,1,1,1,1,1,1,1,1,1,1,1,1,1,1,1,1,1,1,1,1,1,1,1,1,1,1,1
2025Q2,1,0.0001,37,1,1,1,1,1,1,1,1,1,1,1,1,1,1,1,1,1,1,1,1,1,1,1,1,1,1,1,1,1,1,1,1,1,1,1,1,1
2025Q3,1,0.0001,37,1,1,1,1,1,1,1,1,1,1,1,1,1,1,1,1,1,1,1,1,1,1,1,1,1,1,1,1,1,1,1,1,1,1,1,1,1
2025Q4,1,0.0001,37,1,1,1,1,1,1,1,1,1,1,1,1,1,1,1,1,1,1,1,1,1,1,1,1,1,1,1,1,1,1,1,1,1,1,1,1,1
2026Q1,1,0.0001,37,1,1,1,1,1,1,1,1,1,1,1,1,1,1,1,1,1,1,1,1,1,1,1,1,1,1,1,1,1,1,1,1,1,1,1,1,1
2005Q1,2,0.21544346900318845,11,1,1,1,0,1,0,0,0,0,0,0,0,0,0,1,0,0,1,0,0,1,0,1,0,1,0,0,0,1,0,0,0,0,0,0,1,0
2005Q2,2,0.21544346900318845,10,1,1,1,0,1,0,0,0,0,0,0,0,0,0,1,0,0,0,1,0,1,0,1,0,1,0,0,0,0,0,0,0,0,0,0,1,0
2005Q3,2,0.21544346900318845,10,1,1,1,0,1,0,0,0,0,0,0,0,0,0,1,0,0,0,0,0,1,0,1,0,1,0,0,0,0,0,0,1,0,0,0,1,0
2005Q4,2,0.21544346900318845,9,1,1,0,0,1,0,0,0,0,0,0,0,0,0,1,0,0,0,0,0,1,0,1,0,1,0,0,0,0,0,0,1,0,0,0,1,0
2006Q1,2,0.21544346900318845,12,1,1,0,0,1,1,1,0,0,1,0,0,0,0,1,0,0,1,0,0,1,0,0,0,1,0,0,0,0,0,0,1,0,0,0,1,0
2006Q2,2,0.21544346900318845,10,1,1,0,0,1,1,0,0,0,1,0,0,0,0,1,1,0,0,0,0,1,0,0,0,0,0,0,0,0,0,0,1,0,0,0,1,0
2006Q3,2,0.21544346900318845,13,1,1,0,0,1,1,0,0,0,1,0,0,1,0,1,1,0,0,0,0,1,0,0,1,1,0,0,0,0,0,0,1,0,0,0,1,0
2006Q4,2,0.21544346900318845,14,1,1,0,0,1,1,0,0,0,1,0,0,1,0,1,1,0,0,0,0,1,1,0,0,1,0,1,0,0,0,0,1,0,0,0,1,0
2007Q1,2,0.0825404185268019,24,1,1,1,0,1,1,0,0,0,1,0,1,1,0,1,1,0,1,1,0,1,1,1,1,1,0,1,0,1,1,0,1,0,1,0,1,1
2007Q2,2,0.21544346900318845,13,1,1,0,0,1,1,0,0,0,1,0,0,1,0,1,1,0,0,0,0,0,1,0,0,1,0,1,0,0,0,0,1,0,0,0,1,0
2007Q3,2,0.21544346900318845,13,1,1,1,0,1,1,0,0,0,1,0,0,0,0,1,1,0,0,0,0,0,1,0,0,1,0,1,0,0,0,0,1,0,0,0,1,0
2007Q4,2,0.21544346900318845,12,1,1,1,0,1,1,0,0,0,1,0,0,0,0,1,1,0,0,0,0,0,0,0,0,1,0,1,0,0,0,0,1,0,0,0,1,0
2008Q1,2,0.21544346900318845,12,1,1,1,0,1,1,0,0,0,1,0,0,0,0,1,1,0,0,0,0,0,0,0,0,1,0,1,0,0,0,0,1,0,0,0,1,0
2008Q2,2,0.051089697745069294,29,1,1,1,1,1,1,0,1,1,1,0,1,1,0,1,1,0,1,1,1,1,1,1,1,1,1,1,0,0,1,0,1,1,1,0,1,1
2008Q3,2,0.0825404185268019,22,1,1,1,1,1,1,0,0,0,1,0,0,1,0,1,1,0,1,1,0,1,1,1,1,1,0,1,0,0,1,0,1,0,0,0,1,1
2008Q4,2,0.21544346900318845,13,1,1,1,0,1,1,0,0,0,1,0,0,0,0,1,1,0,0,0,0,0,0,0,1,1,0,1,0,0,0,0,1,0,0,0,1,0
2009Q1,2,0.051089697745069294,26,1,1,1,1,1,1,0,1,1,1,0,0,1,1,1,1,0,1,1,1,1,1,1,1,0,0,1,0,0,1,0,1,0,1,0,1,1
2009Q2,2,0.051089697745069294,26,1,1,1,1,1,1,0,1,1,1,0,0,1,1,1,1,0,1,1,1,1,1,1,1,0,0,1,0,0,1,0,1,0,1,0,1,1
2009Q3,2,0.0825404185268019,24,1,1,1,0,1,1,1,1,0,1,0,0,1,0,1,1,0,1,1,1,1,1,1,1,0,0,1,0,0,1,1,1,0,1,0,1,0
2009Q4,2,0.0825404185268019,23,1,1,1,0,1,1,1,0,0,1,0,0,1,0,1,1,0,1,1,0,1,1,1,1,0,0,1,1,0,1,1,1,0,1,0,1,0
2010Q1,2,0.0825404185268019,22,1,1,1,0,1,1,1,0,0,1,0,0,1,0,1,1,0,1,1,0,1,1,1,1,0,0,1,1,0,1,1,0,0,1,0,1,0
2010Q2,2,0.1333521432163324,19,1,0,1,0,1,1,1,0,0,1,0,0,0,0,1,1,0,1,1,0,1,0,1,0,0,1,1,1,0,1,1,1,0,0,0,1,0
2010Q3,2,0.0825404185268019,25,1,1,1,0,1,1,1,1,0,1,1,0,1,0,1,1,0,1,0,0,1,1,1,1,0,1,1,1,0,1,1,1,0,1,0,1,0
2010Q4,2,0.0825404185268019,26,1,1,1,0,1,1,1,1,0,1,1,0,1,0,1,1,0,1,1,0,1,1,1,1,0,1,1,1,0,1,1,1,0,1,0,1,0
2011Q1,2,0.0825404185268019,26,1,1,1,0,1,1,1,1,0,1,1,0,1,0,1,1,0,1,1,0,1,1,1,1,0,1,1,1,0,1,1,1,0,1,0,1,0
2011Q2,2,0.1333521432163324,17,1,1,1,0,1,1,0,0,0,1,0,0,1,0,1,0,1,1,0,0,0,0,0,0,0,1,1,1,0,1,1,1,0,0,0,1,0
2011Q3,2,0.0825404185268019,26,1,1,1,0,1,1,1,0,0,1,1,0,1,0,1,1,1,1,0,1,0,1,1,1,0,1,1,1,1,1,1,1,0,1,0,1,0
2011Q4,2,0.0825404185268019,24,1,1,1,0,1,1,1,0,0,1,1,0,1,0,1,1,1,1,0,1,1,1,1,1,0,1,0,1,0,1,0,1,0,1,0,1,0
2012Q1,2,0.1333521432163324,19,1,1,1,0,1,1,0,0,0,1,1,0,1,0,1,0,1,0,0,0,1,1,1,0,0,1,0,1,0,1,1,1,0,0,0,1,0
2012Q2,2,0.0825404185268019,24,1,1,1,0,1,1,1,0,0,1,1,0,1,0,1,1,1,1,0,1,1,1,1,1,0,1,0,1,0,1,0,1,0,1,0,1,0
2012Q3,2,0.051089697745069294,27,1,1,1,0,1,1,1,0,0,1,1,0,1,0,1,1,1,1,0,1,1,1,1,1,0,1,1,1,0,1,0,1,1,1,0,1,1
2012Q4,2,0.051089697745069294,27,1,1,1,0,1,1,1,1,0,1,1,1,1,0,1,1,1,0,0,1,1,1,1,1,0,1,1,1,0,1,0,1,1,1,0,1,0
2013Q1,2,0.051089697745069294,25,1,1,1,0,1,1,1,0,0,1,0,0,1,0,1,1,1,0,0,1,1,1,1,1,0,1,1,1,0,1,0,1,1,1,1,1,0
2013Q2,2,0.0825404185268019,24,1,1,1,0,1,1,1,0,0,1,1,0,1,0,1,1,1,0,0,1,1,1,1,0,0,1,1,1,0,1,0,1,0,1,1,1,0
2013Q3,2,0.0825404185268019,22,1,1,1,0,1,1,1,0,0,1,0,0,1,0,1,1,1,0,0,1,0,1,1,0,0,1,1,1,0,1,0,1,0,1,1,1,0
2013Q4,2,0.0825404185268019,22,1,1,1,0,1,1,1,0,0,1,0,0,1,0,1,1,1,0,0,1,0,1,1,0,0,1,1,1,0,1,0,1,0,1,1,1,0
2014Q1,2,0.0825404185268019,22,1,1,1,0,1,1,1,0,0,1,0,0,1,0,1,1,1,0,0,1,0,1,1,0,0,1,1,1,0,1,0,1,0,1,1,1,0
2014Q2,2,0.0825404185268019,21,1,1,1,0,1,0,1,0,0,1,0,0,1,0,1,1,1,0,0,1,0,1,1,0,0,1,1,1,0,1,0,1,0,1,1,1,0
2014Q3,2,0.0825404185268019,21,1,1,1,0,1,0,1,0,0,1,0,0,1,0,1,1,1,0,0,1,0,1,1,0,0,1,1,1,0,1,0,1,0,1,1,1,0
2014Q4,2,0.0825404185268019,21,1,1,1,0,1,1,1,0,0,1,0,0,1,0,1,1,1,0,0,0,0,1,1,0,0,1,1,1,0,1,0,1,0,1,1,1,0
2015Q1,2,0.0825404185268019,20,1,1,1,0,1,1,1,0,0,1,0,0,1,0,1,1,1,0,0,0,0,1,1,0,0,1,1,1,0,1,0,1,0,1,0,1,0
2015Q2,2,0.0825404185268019,21,1,1,1,0,1,0,1,0,0,1,1,0,1,0,1,1,1,0,1,0,0,1,1,0,0,1,1,1,0,1,0,1,0,1,0,1,0
2015Q3,2,0.0825404185268019,21,1,1,1,0,1,0,1,0,0,1,1,0,1,0,1,1,1,0,1,0,0,1,1,0,0,1,1,1,0,1,0,1,0,1,0,1,0
2015Q4,2,0.0825404185268019,21,1,1,1,0,1,0,1,0,0,1,1,0,1,0,1,1,1,0,1,0,0,1,1,0,0,1,1,1,0,1,0,1,0,1,0,1,0
2016Q1,2,0.0825404185268019,21,1,1,1,0,1,0,1,0,0,1,1,0,1,0,1,1,1,0,1,0,0,1,1,0,0,1,1,1,0,1,0,1,0,1,0,1,0
2016Q2,2,0.0825404185268019,20,1,1,1,0,1,0,1,0,0,1,1,0,1,0,1,1,1,0,0,0,0,1,1,0,0,1,1,1,0,1,0,1,0,1,0,1,0
2016Q3,2,0.0825404185268019,21,1,1,1,0,1,0,1,0,0,1,1,0,1,0,1,1,1,0,0,0,0,1,1,0,0,1,1,1,0,1,0,1,0,1,1,1,0
2016Q4,2,0.1333521432163324,16,1,1,1,0,1,0,1,0,0,1,0,0,0,0,1,1,0,0,1,0,0,1,0,0,0,1,1,1,0,1,0,1,0,0,0,1,0
2017Q1,2,0.21544346900318845,13,1,1,1,0,1,0,0,0,0,1,0,0,0,0,1,0,0,0,1,0,0,1,0,0,0,1,1,0,0,1,0,1,0,0,0,1,0
2017Q2,2,0.21544346900318845,13,1,1,1,0,1,0,0,0,0,1,0,0,0,0,1,0,0,0,1,0,0,1,0,0,0,1,1,0,0,1,0,1,0,0,0,1,0
2017Q3,2,0.21544346900318845,13,1,1,1,0,1,0,0,0,0,1,0,0,0,0,1,0,0,0,1,0,0,1,0,0,0,1,1,0,0,1,0,1,0,0,0,1,0
2017Q4,2,0.21544346900318845,13,1,1,1,0,1,0,0,0,0,1,0,0,0,0,1,0,0,0,1,0,0,1,0,0,0,1,1,0,0,1,0,1,0,0,0,1,0
2018Q1,2,0.03162277660168379,26,1,1,1,0,1,1,1,0,1,1,0,0,1,0,1,1,1,1,0,0,0,1,1,0,1,1,1,1,1,1,0,1,1,1,1,1,0
2018Q2,2,0.21544346900318845,13,1,1,1,0,1,0,0,0,0,1,0,0,0,0,1,0,0,0,1,0,0,1,0,0,0,1,1,0,0,1,0,1,0,0,0,1,0
2018Q3,2,0.051089697745069294,22,1,1,1,0,1,1,1,0,0,1,0,0,1,0,1,1,1,0,0,0,0,1,1,0,1,1,1,1,1,1,0,1,0,1,0,1,0
2018Q4,2,0.051089697745069294,21,1,1,1,0,1,1,1,0,0,1,0,0,0,0,1,1,1,0,0,0,0,1,1,0,1,1,1,1,1,1,0,1,0,1,0,1,0
2019Q1,2,0.051089697745069294,21,1,1,1,0,1,1,1,0,0,1,0,0,0,0,1,1,1,0,0,0,0,1,1,0,1,1,1,1,1,1,0,1,0,1,0,1,0
2019Q2,2,0.051089697745069294,24,1,1,1,0,1,1,1,0,1,1,1,0,1,0,1,1,1,0,0,0,0,1,1,0,1,1,1,1,1,1,0,1,0,1,0,1,0
2019Q3,2,0.051089697745069294,25,1,1,1,1,1,1,1,0,1,1,1,0,1,0,1,1,1,0,0,0,0,1,1,0,1,1,1,1,1,1,0,1,0,1,0,1,0
2019Q4,2,0.051089697745069294,25,1,1,1,1,1,1,1,0,1,1,1,0,1,0,1,1,1,0,0,0,0,1,1,0,1,1,1,1,1,1,0,1,0,1,0,1,0
2020Q1,2,0.0825404185268019,24,1,1,1,1,1,1,1,0,0,1,1,0,1,0,1,1,1,0,1,0,0,1,1,0,0,1,1,1,1,1,0,1,0,1,0,1,0
2020Q2,2,0.0825404185268019,22,1,1,1,0,1,1,1,0,0,1,1,0,1,0,1,1,1,0,0,0,0,1,1,0,0,1,1,1,1,1,0,1,0,1,0,1,0
2020Q3,2,0.007498942093324558,34,1,1,1,1,1,0,1,0,1,1,1,1,1,1,1,1,1,1,1,1,1,1,1,1,1,1,1,0,1,1,1,1,1,1,1,1,1
2020Q4,2,0.007498942093324558,33,1,1,1,1,1,0,1,1,1,1,1,1,1,1,1,1,1,0,1,1,1,1,1,1,1,1,1,0,1,1,1,1,1,1,0,1,1
2021Q1,2,0.007498942093324558,34,1,1,1,1,1,1,1,0,1,1,1,1,1,1,1,1,1,1,1,1,0,1,1,1,1,1,1,1,1,1,1,1,1,1,0,1,1
2021Q2,2,0.007498942093324558,34,1,1,1,1,1,1,1,0,1,1,1,1,1,1,1,1,1,1,1,1,0,1,1,1,1,1,1,1,1,1,1,1,1,1,0,1,1
2021Q3,2,0.007498942093324558,33,1,1,1,1,1,0,1,0,1,1,1,0,1,1,1,1,1,1,1,1,1,1,1,1,1,1,1,1,1,1,1,1,1,1,0,1,1
2021Q4,2,0.007498942093324558,33,1,1,1,1,1,1,1,0,1,1,1,0,1,1,1,1,1,1,1,1,0,1,1,1,1,1,1,1,1,1,1,1,1,1,0,1,1
2022Q1,2,0.004641588833612782,36,1,1,1,1,1,1,1,0,1,1,1,1,1,1,1,1,1,1,1,1,1,1,1,1,1,1,1,1,1,1,1,1,1,1,1,1,1
2022Q2,2,0.007498942093324558,35,1,1,1,1,1,1,1,1,1,1,1,0,1,1,1,1,1,1,1,1,1,1,1,1,1,1,1,1,1,1,1,1,1,1,0,1,1
2022Q3,2,0.007498942093324558,34,1,1,1,1,1,0,1,1,1,1,1,0,1,1,1,1,1,1,1,1,1,1,1,1,1,1,1,1,1,1,1,1,1,1,0,1,1
2022Q4,2,0.004641588833612782,36,1,1,1,1,1,1,1,1,1,1,1,0,1,1,1,1,1,1,1,1,1,1,1,1,1,1,1,1,1,1,1,1,1,1,1,1,1
2023Q1,2,0.004641588833612782,35,1,1,1,1,1,1,0,1,1,1,1,0,1,1,1,1,1,1,1,1,1,1,1,1,1,1,1,1,1,1,1,1,1,1,1,1,1
2023Q2,2,0.007498942093324558,32,1,1,1,1,1,1,0,0,1,1,1,0,1,1,1,1,1,0,0,1,1,1,1,1,1,1,1,1,1,1,1,1,1,1,1,1,1
2023Q3,2,0.0028729848333536655,36,1,1,1,1,1,1,1,1,1,1,1,1,1,1,1,1,1,1,0,1,1,1,1,1,1,1,1,1,1,1,1,1,1,1,1,1,1
2023Q4,2,0.007498942093324558,32,1,1,1,1,1,1,0,0,1,1,1,0,1,1,1,1,1,0,1,1,1,1,1,1,1,1,1,1,1,1,1,1,1,1,0,1,1
2024Q1,2,0.004641588833612782,37,1,1,1,1,1,1,1,1,1,1,1,1,1,1,1,1,1,1,1,1,1,1,1,1,1,1,1,1,1,1,1,1,1,1,1,1,1
2024Q2,2,0.007498942093324558,34,1,1,1,1,1,1,0,1,1,1,1,1,1,1,1,1,1,1,0,1,1,1,1,1,1,1,1,1,1,1,1,1,1,1,0,1,1
2024Q3,2,0.0028729848333536655,35,1,1,1,1,1,1,1,1,1,1,1,1,1,1,1,1,1,1,1,1,1,1,0,1,1,1,1,1,1,1,1,1,1,1,0,1,1
2024Q4,2,0.0001,37,1,1,1,1,1,1,1,1,1,1,1,1,1,1,1,1,1,1,1,1,1,1,1,1,1,1,1,1,1,1,1,1,1,1,1,1,1
2025Q1,2,0.0001,37,1,1,1,1,1,1,1,1,1,1,1,1,1,1,1,1,1,1,1,1,1,1,1,1,1,1,1,1,1,1,1,1,1,1,1,1,1
2025Q2,2,0.0001,37,1,1,1,1,1,1,1,1,1,1,1,1,1,1,1,1,1,1,1,1,1,1,1,1,1,1,1,1,1,1,1,1,1,1,1,1,1
2025Q3,2,0.0001,37,1,1,1,1,1,1,1,1,1,1,1,1,1,1,1,1,1,1,1,1,1,1,1,1,1,1,1,1,1,1,1,1,1,1,1,1,1
2025Q4,2,0.0001,37,1,1,1,1,1,1,1,1,1,1,1,1,1,1,1,1,1,1,1,1,1,1,1,1,1,1,1,1,1,1,1,1,1,1,1,1,1
2026Q1,2,0.0001,37,1,1,1,1,1,1,1,1,1,1,1,1,1,1,1,1,1,1,1,1,1,1,1,1,1,1,1,1,1,1,1,1,1,1,1,1,1
2005Q1,3,0.21544346900318845,11,1,1,1,0,1,0,0,0,0,0,0,0,0,0,1,0,0,1,0,0,1,0,1,0,1,0,0,0,1,0,0,0,0,0,0,1,0
2005Q2,3,0.21544346900318845,10,1,1,1,0,1,0,0,0,0,0,0,0,0,0,1,0,0,0,1,0,1,0,1,0,1,0,0,0,0,0,0,0,0,0,0,1,0
2005Q3,3,0.21544346900318845,10,1,1,1,0,1,0,0,0,0,0,0,0,0,0,1,0,0,0,0,0,1,0,1,0,1,0,0,0,0,0,0,1,0,0,0,1,0
2005Q4,3,0.21544346900318845,9,1,1,0,0,1,0,0,0,0,0,0,0,0,0,1,0,0,0,0,0,1,0,1,0,1,0,0,0,0,0,0,1,0,0,0,1,0
2006Q1,3,0.21544346900318845,12,1,1,0,0,1,1,1,0,0,1,0,0,0,0,1,0,0,1,0,0,1,0,0,0,1,0,0,0,0,0,0,1,0,0,0,1,0
2006Q2,3,0.21544346900318845,10,1,1,0,0,1,1,0,0,0,1,0,0,0,0,1,1,0,0,0,0,1,0,0,0,0,0,0,0,0,0,0,1,0,0,0,1,0
2006Q3,3,0.21544346900318845,13,1,1,0,0,1,1,0,0,0,1,0,0,1,0,1,1,0,0,0,0,1,0,0,1,1,0,0,0,0,0,0,1,0,0,0,1,0
2006Q4,3,0.21544346900318845,14,1,1,0,0,1,1,0,0,0,1,0,0,1,0,1,1,0,0,0,0,1,1,0,0,1,0,1,0,0,0,0,1,0,0,0,1,0
2007Q1,3,0.0825404185268019,24,1,1,1,0,1,1,0,0,0,1,0,1,1,0,1,1,0,1,1,0,1,1,1,1,1,0,1,0,1,1,0,1,0,1,0,1,1
2007Q2,3,0.21544346900318845,13,1,1,0,0,1,1,0,0,0,1,0,0,1,0,1,1,0,0,0,0,0,1,0,0,1,0,1,0,0,0,0,1,0,0,0,1,0
2007Q3,3,0.21544346900318845,13,1,1,1,0,1,1,0,0,0,1,0,0,0,0,1,1,0,0,0,0,0,1,0,0,1,0,1,0,0,0,0,1,0,0,0,1,0
2007Q4,3,0.21544346900318845,12,1,1,1,0,1,1,0,0,0,1,0,0,0,0,1,1,0,0,0,0,0,0,0,0,1,0,1,0,0,0,0,1,0,0,0,1,0
2008Q1,3,0.21544346900318845,12,1,1,1,0,1,1,0,0,0,1,0,0,0,0,1,1,0,0,0,0,0,0,0,0,1,0,1,0,0,0,0,1,0,0,0,1,0
2008Q2,3,0.051089697745069294,29,1,1,1,1,1,1,0,1,1,1,0,1,1,0,1,1,0,1,1,1,1,1,1,1,1,1,1,0,0,1,0,1,1,1,0,1,1
2008Q3,3,0.0825404185268019,22,1,1,1,1,1,1,0,0,0,1,0,0,1,0,1,1,0,1,1,0,1,1,1,1,1,0,1,0,0,1,0,1,0,0,0,1,1
2008Q4,3,0.21544346900318845,13,1,1,1,0,1,1,0,0,0,1,0,0,0,0,1,1,0,0,0,0,0,0,0,1,1,0,1,0,0,0,0,1,0,0,0,1,0
2009Q1,3,0.051089697745069294,26,1,1,1,1,1,1,0,1,1,1,0,0,1,1,1,1,0,1,1,1,1,1,1,1,0,0,1,0,0,1,0,1,0,1,0,1,1
2009Q2,3,0.051089697745069294,26,1,1,1,1,1,1,0,1,1,1,0,0,1,1,1,1,0,1,1,1,1,1,1,1,0,0,1,0,0,1,0,1,0,1,0,1,1
2009Q3,3,0.0825404185268019,24,1,1,1,0,1,1,1,1,0,1,0,0,1,0,1,1,0,1,1,1,1,1,1,1,0,0,1,0,0,1,1,1,0,1,0,1,0
2009Q4,3,0.0825404185268019,23,1,1,1,0,1,1,1,0,0,1,0,0,1,0,1,1,0,1,1,0,1,1,1,1,0,0,1,1,0,1,1,1,0,1,0,1,0
2010Q1,3,0.0825404185268019,22,1,1,1,0,1,1,1,0,0,1,0,0,1,0,1,1,0,1,1,0,1,1,1,1,0,0,1,1,0,1,1,0,0,1,0,1,0
2010Q2,3,0.1333521432163324,19,1,0,1,0,1,1,1,0,0,1,0,0,0,0,1,1,0,1,1,0,1,0,1,0,0,1,1,1,0,1,1,1,0,0,0,1,0
2010Q3,3,0.0825404185268019,25,1,1,1,0,1,1,1,1,0,1,1,0,1,0,1,1,0,1,0,0,1,1,1,1,0,1,1,1,0,1,1,1,0,1,0,1,0
2010Q4,3,0.0825404185268019,26,1,1,1,0,1,1,1,1,0,1,1,0,1,0,1,1,0,1,1,0,1,1,1,1,0,1,1,1,0,1,1,1,0,1,0,1,0
2011Q1,3,0.0825404185268019,26,1,1,1,0,1,1,1,1,0,1,1,0,1,0,1,1,0,1,1,0,1,1,1,1,0,1,1,1,0,1,1,1,0,1,0,1,0
2011Q2,3,0.1333521432163324,17,1,1,1,0,1,1,0,0,0,1,0,0,1,0,1,0,1,1,0,0,0,0,0,0,0,1,1,1,0,1,1,1,0,0,0,1,0
2011Q3,3,0.0825404185268019,26,1,1,1,0,1,1,1,0,0,1,1,0,1,0,1,1,1,1,0,1,0,1,1,1,0,1,1,1,1,1,1,1,0,1,0,1,0
2011Q4,3,0.0825404185268019,24,1,1,1,0,1,1,1,0,0,1,1,0,1,0,1,1,1,1,0,1,1,1,1,1,0,1,0,1,0,1,0,1,0,1,0,1,0
2012Q1,3,0.1333521432163324,19,1,1,1,0,1,1,0,0,0,1,1,0,1,0,1,0,1,0,0,0,1,1,1,0,0,1,0,1,0,1,1,1,0,0,0,1,0
2012Q2,3,0.0825404185268019,24,1,1,1,0,1,1,1,0,0,1,1,0,1,0,1,1,1,1,0,1,1,1,1,1,0,1,0,1,0,1,0,1,0,1,0,1,0
2012Q3,3,0.051089697745069294,27,1,1,1,0,1,1,1,0,0,1,1,0,1,0,1,1,1,1,0,1,1,1,1,1,0,1,1,1,0,1,0,1,1,1,0,1,1
2012Q4,3,0.051089697745069294,27,1,1,1,0,1,1,1,1,0,1,1,1,1,0,1,1,1,0,0,1,1,1,1,1,0,1,1,1,0,1,0,1,1,1,0,1,0
2013Q1,3,0.051089697745069294,25,1,1,1,0,1,1,1,0,0,1,0,0,1,0,1,1,1,0,0,1,1,1,1,1,0,1,1,1,0,1,0,1,1,1,1,1,0
2013Q2,3,0.0825404185268019,24,1,1,1,0,1,1,1,0,0,1,1,0,1,0,1,1,1,0,0,1,1,1,1,0,0,1,1,1,0,1,0,1,0,1,1,1,0
2013Q3,3,0.0825404185268019,22,1,1,1,0,1,1,1,0,0,1,0,0,1,0,1,1,1,0,0,1,0,1,1,0,0,1,1,1,0,1,0,1,0,1,1,1,0
2013Q4,3,0.0825404185268019,22,1,1,1,0,1,1,1,0,0,1,0,0,1,0,1,1,1,0,0,1,0,1,1,0,0,1,1,1,0,1,0,1,0,1,1,1,0
2014Q1,3,0.0825404185268019,22,1,1,1,0,1,1,1,0,0,1,0,0,1,0,1,1,1,0,0,1,0,1,1,0,0,1,1,1,0,1,0,1,0,1,1,1,0
2014Q2,3,0.0825404185268019,21,1,1,1,0,1,0,1,0,0,1,0,0,1,0,1,1,1,0,0,1,0,1,1,0,0,1,1,1,0,1,0,1,0,1,1,1,0
2014Q3,3,0.0825404185268019,21,1,1,1,0,1,0,1,0,0,1,0,0,1,0,1,1,1,0,0,1,0,1,1,0,0,1,1,1,0,1,0,1,0,1,1,1,0
2014Q4,3,0.0825404185268019,21,1,1,1,0,1,1,1,0,0,1,0,0,1,0,1,1,1,0,0,0,0,1,1,0,0,1,1,1,0,1,0,1,0,1,1,1,0
2015Q1,3,0.0825404185268019,20,1,1,1,0,1,1,1,0,0,1,0,0,1,0,1,1,1,0,0,0,0,1,1,0,0,1,1,1,0,1,0,1,0,1,0,1,0
2015Q2,3,0.0825404185268019,21,1,1,1,0,1,0,1,0,0,1,1,0,1,0,1,1,1,0,1,0,0,1,1,0,0,1,1,1,0,1,0,1,0,1,0,1,0
2015Q3,3,0.0825404185268019,21,1,1,1,0,1,0,1,0,0,1,1,0,1,0,1,1,1,0,1,0,0,1,1,0,0,1,1,1,0,1,0,1,0,1,0,1,0
2015Q4,3,0.0825404185268019,21,1,1,1,0,1,0,1,0,0,1,1,0,1,0,1,1,1,0,1,0,0,1,1,0,0,1,1,1,0,1,0,1,0,1,0,1,0
2016Q1,3,0.0825404185268019,21,1,1,1,0,1,0,1,0,0,1,1,0,1,0,1,1,1,0,1,0,0,1,1,0,0,1,1,1,0,1,0,1,0,1,0,1,0
2016Q2,3,0.0825404185268019,20,1,1,1,0,1,0,1,0,0,1,1,0,1,0,1,1,1,0,0,0,0,1,1,0,0,1,1,1,0,1,0,1,0,1,0,1,0
2016Q3,3,0.0825404185268019,21,1,1,1,0,1,0,1,0,0,1,1,0,1,0,1,1,1,0,0,0,0,1,1,0,0,1,1,1,0,1,0,1,0,1,1,1,0
2016Q4,3,0.1333521432163324,16,1,1,1,0,1,0,1,0,0,1,0,0,0,0,1,1,0,0,1,0,0,1,0,0,0,1,1,1,0,1,0,1,0,0,0,1,0
2017Q1,3,0.21544346900318845,13,1,1,1,0,1,0,0,0,0,1,0,0,0,0,1,0,0,0,1,0,0,1,0,0,0,1,1,0,0,1,0,1,0,0,0,1,0
2017Q2,3,0.21544346900318845,13,1,1,1,0,1,0,0,0,0,1,0,0,0,0,1,0,0,0,1,0,0,1,0,0,0,1,1,0,0,1,0,1,0,0,0,1,0
2017Q3,3,0.21544346900318845,13,1,1,1,0,1,0,0,0,0,1,0,0,0,0,1,0,0,0,1,0,0,1,0,0,0,1,1,0,0,1,0,1,0,0,0,1,0
2017Q4,3,0.21544346900318845,13,1,1,1,0,1,0,0,0,0,1,0,0,0,0,1,0,0,0,1,0,0,1,0,0,0,1,1,0,0,1,0,1,0,0,0,1,0
2018Q1,3,0.03162277660168379,26,1,1,1,0,1,1,1,0,1,1,0,0,1,0,1,1,1,1,0,0,0,1,1,0,1,1,1,1,1,1,0,1,1,1,1,1,0
2018Q2,3,0.21544346900318845,13,1,1,1,0,1,0,0,0,0,1,0,0,0,0,1,0,0,0,1,0,0,1,0,0,0,1,1,0,0,1,0,1,0,0,0,1,0
2018Q3,3,0.051089697745069294,22,1,1,1,0,1,1,1,0,0,1,0,0,1,0,1,1,1,0,0,0,0,1,1,0,1,1,1,1,1,1,0,1,0,1,0,1,0
2018Q4,3,0.051089697745069294,21,1,1,1,0,1,1,1,0,0,1,0,0,0,0,1,1,1,0,0,0,0,1,1,0,1,1,1,1,1,1,0,1,0,1,0,1,0
2019Q1,3,0.051089697745069294,21,1,1,1,0,1,1,1,0,0,1,0,0,0,0,1,1,1,0,0,0,0,1,1,0,1,1,1,1,1,1,0,1,0,1,0,1,0
2019Q2,3,0.051089697745069294,24,1,1,1,0,1,1,1,0,1,1,1,0,1,0,1,1,1,0,0,0,0,1,1,0,1,1,1,1,1,1,0,1,0,1,0,1,0
2019Q3,3,0.051089697745069294,25,1,1,1,1,1,1,1,0,1,1,1,0,1,0,1,1,1,0,0,0,0,1,1,0,1,1,1,1,1,1,0,1,0,1,0,1,0
2019Q4,3,0.051089697745069294,25,1,1,1,1,1,1,1,0,1,1,1,0,1,0,1,1,1,0,0,0,0,1,1,0,1,1,1,1,1,1,0,1,0,1,0,1,0
2020Q1,3,0.0825404185268019,24,1,1,1,1,1,1,1,0,0,1,1,0,1,0,1,1,1,0,1,0,0,1,1,0,0,1,1,1,1,1,0,1,0,1,0,1,0
2020Q2,3,0.0825404185268019,22,1,1,1,0,1,1,1,0,0,1,1,0,1,0,1,1,1,0,0,0,0,1,1,0,0,1,1,1,1,1,0,1,0,1,0,1,0
2020Q3,3,0.007498942093324558,34,1,1,1,1,1,0,1,0,1,1,1,1,1,1,1,1,1,1,1,1,1,1,1,1,1,1,1,0,1,1,1,1,1,1,1,1,1
2020Q4,3,0.007498942093324558,33,1,1,1,1,1,0,1,1,1,1,1,1,1,1,1,1,1,0,1,1,1,1,1,1,1,1,1,0,1,1,1,1,1,1,0,1,1
2021Q1,3,0.007498942093324558,34,1,1,1,1,1,1,1,0,1,1,1,1,1,1,1,1,1,1,1,1,0,1,1,1,1,1,1,1,1,1,1,1,1,1,0,1,1
2021Q2,3,0.007498942093324558,34,1,1,1,1,1,1,1,0,1,1,1,1,1,1,1,1,1,1,1,1,0,1,1,1,1,1,1,1,1,1,1,1,1,1,0,1,1
2021Q3,3,0.007498942093324558,33,1,1,1,1,1,0,1,0,1,1,1,0,1,1,1,1,1,1,1,1,1,1,1,1,1,1,1,1,1,1,1,1,1,1,0,1,1
2021Q4,3,0.007498942093324558,33,1,1,1,1,1,1,1,0,1,1,1,0,1,1,1,1,1,1,1,1,0,1,1,1,1,1,1,1,1,1,1,1,1,1,0,1,1
2022Q1,3,0.004641588833612782,36,1,1,1,1,1,1,1,0,1,1,1,1,1,1,1,1,1,1,1,1,1,1,1,1,1,1,1,1,1,1,1,1,1,1,1,1,1
2022Q2,3,0.007498942093324558,35,1,1,1,1,1,1,1,1,1,1,1,0,1,1,1,1,1,1,1,1,1,1,1,1,1,1,1,1,1,1,1,1,1,1,0,1,1
2022Q3,3,0.007498942093324558,34,1,1,1,1,1,0,1,1,1,1,1,0,1,1,1,1,1,1,1,1,1,1,1,1,1,1,1,1,1,1,1,1,1,1,0,1,1
2022Q4,3,0.004641588833612782,36,1,1,1,1,1,1,1,1,1,1,1,0,1,1,1,1,1,1,1,1,1,1,1,1,1,1,1,1,1,1,1,1,1,1,1,1,1
2023Q1,3,0.004641588833612782,35,1,1,1,1,1,1,0,1,1,1,1,0,1,1,1,1,1,1,1,1,1,1,1,1,1,1,1,1,1,1,1,1,1,1,1,1,1
2023Q2,3,0.007498942093324558,32,1,1,1,1,1,1,0,0,1,1,1,0,1,1,1,1,1,0,0,1,1,1,1,1,1,1,1,1,1,1,1,1,1,1,1,1,1
2023Q3,3,0.0028729848333536655,36,1,1,1,1,1,1,1,1,1,1,1,1,1,1,1,1,1,1,0,1,1,1,1,1,1,1,1,1,1,1,1,1,1,1,1,1,1
2023Q4,3,0.007498942093324558,32,1,1,1,1,1,1,0,0,1,1,1,0,1,1,1,1,1,0,1,1,1,1,1,1,1,1,1,1,1,1,1,1,1,1,0,1,1
2024Q1,3,0.004641588833612782,37,1,1,1,1,1,1,1,1,1,1,1,1,1,1,1,1,1,1,1,1,1,1,1,1,1,1,1,1,1,1,1,1,1,1,1,1,1
2024Q2,3,0.007498942093324558,34,1,1,1,1,1,1,0,1,1,1,1,1,1,1,1,1,1,1,0,1,1,1,1,1,1,1,1,1,1,1,1,1,1,1,0,1,1
2024Q3,3,0.0028729848333536655,35,1,1,1,1,1,1,1,1,1,1,1,1,1,1,1,1,1,1,1,1,1,1,0,1,1,1,1,1,1,1,1,1,1,1,0,1,1
2024Q4,3,0.0001,37,1,1,1,1,1,1,1,1,1,1,1,1,1,1,1,1,1,1,1,1,1,1,1,1,1,1,1,1,1,1,1,1,1,1,1,1,1
2025Q1,3,0.0001,37,1,1,1,1,1,1,1,1,1,1,1,1,1,1,1,1,1,1,1,1,1,1,1,1,1,1,1,1,1,1,1,1,1,1,1,1,1
2025Q2,3,0.0001,37,1,1,1,1,1,1,1,1,1,1,1,1,1,1,1,1,1,1,1,1,1,1,1,1,1,1,1,1,1,1,1,1,1,1,1,1,1
2025Q3,3,0.0001,37,1,1,1,1,1,1,1,1,1,1,1,1,1,1,1,1,1,1,1,1,1,1,1,1,1,1,1,1,1,1,1,1,1,1,1,1,1
2025Q4,3,0.0001,37,1,1,1,1,1,1,1,1,1,1,1,1,1,1,1,1,1,1,1,1,1,1,1,1,1,1,1,1,1,1,1,1,1,1,1,1,1
2026Q1,3,0.0001,37,1,1,1,1,1,1,1,1,1,1,1,1,1,1,1,1,1,1,1,1,1,1,1,1,1,1,1,1,1,1,1,1,1,1,1,1,1
